[
  {
    "type": "PictureItem",
    "pos": [
      486.0,
      375.0
    ],
    "props": {
      "结点编号": "4",
      "支座类型": "hinged_support",
      "受到x方向集中荷载": "0",
      "受到y方向集中荷载": "0",
      "图标宽度": "50",
      "颜色": "47,79,79,128"
    },
    "pic": "hinged_support"
  },
  {
    "type": "PictureItem",
    "pos": [
      486.0,
      175.0
    ],
    "props": {
      "结点编号": "3",
      "支座类型": "hinged_joint",
      "受到x方向集中荷载": "0",
      "受到y方向集中荷载": "0",
      "图标宽度": "50",
      "颜色": "70,130,180,128"
    },
    "pic": "hinged_joint"
  },
  {
    "type": "PictureItem",
    "pos": [
      286.0,
      175.0
    ],
    "props": {
      "结点编号": "2",
      "支座类型": "hinged_joint",
      "受到x方向集中荷载": "50",
      "受到y方向集中荷载": "50",
      "图标宽度": "50",
      "颜色": "100,149,237,128"
    },
    "pic": "hinged_joint"
  },
  {
    "type": "PictureItem",
    "pos": [
      286.0,
      375.0
    ],
    "props": {
      "结点编号": "1",
      "支座类型": "hinged_support",
      "受到x方向集中荷载": "0",
      "受到y方向集中荷载": "0",
      "图标宽度": "50",
      "颜色": "25,25,112,128"
    },
    "pic": "hinged_support"
  },
  {
    "type": "LineItem",
    "pos": [
      504.0,
      399.0
    ],
    "props": {
      "长度": "200",
      "旋转角度": "90",
      "材料刚度": "10",
      "杆件编号": "4",
      "起点坐标": "511.0, 400.0",
      "终点坐标": "511.0, 200.0",
      "线宽": "3",
      "颜色": "255,255,0"
    }
  },
  {
    "type": "LineItem",
    "pos": [
      322.0,
      197.0
    ],
    "props": {
      "长度": "200",
      "旋转角度": "0",
      "材料刚度": "10",
      "杆件编号": "3",
      "起点坐标": "311.0, 200.0",
      "终点坐标": "511.0, 200.0",
      "线宽": "3",
      "颜色": "0,0,255"
    }
  },
  {
    "type": "LineItem",
    "pos": [
      318.0,
      414.0
    ],
    "props": {
      "长度": "282.842712474619",
      "旋转角度": "-45.0",
      "材料刚度": "10",
      "杆件编号": "2",
      "起点坐标": "311.0, 400.0",
      "终点坐标": "511,200",
      "线宽": "3",
      "颜色": "0,255,0"
    }
  },
  {
    "type": "LineItem",
    "pos": [
      311.0,
      400.0
    ],
    "props": {
      "长度": "200.0",
      "旋转角度": "-90.0",
      "材料刚度": "10",
      "杆件编号": "1",
      "起点坐标": "311, 400",
      "终点坐标": "311, 200",
      "线宽": "3",
      "颜色": "255,0,0"
    }
  }
]